﻿OBJECTID,Name,Descript,Type,Symbol,DateTimeS,Elevation,DateTime,x,y
1,GC1N257,"Happy Birthday!!!!!!!!!! by WildWilly, Traditional Cache (2/4)",WPT,Geocache,2009-02-24T00:00:00,0,2/24/2009 12:00:00 AM,-79.272167,43.110467
2,991N257,Parking,WPT,Parking Area,2009-02-24T13:08:59.243,0,2/24/2009 1:08:59 PM,-79.264467,43.1099
3,GC7E1H9,"First Nations Peace Monument by dhcmca, Traditional Cache (2/1.5)",WPT,Geocache,2017-10-24T00:00:00,0,10/24/2017 12:00:00 AM,-79.248767,43.1072830000001
4,GC5RKZP,"Muddy Path by vicdell, Letterbox Hybrid (2/3)",WPT,Geocache,2015-04-16T00:00:00,0,4/16/2015 12:00:00 AM,-79.2334999999999,43.126583
5,FN5RKZP,Final Location,WPT,Final Location,2015-04-16T14:33:44.35,0,4/16/2015 2:33:44 PM,-79.2334999999999,43.126583
6,GC5RFYW,"Quarry's Troll by vicdell, Traditional Cache (2/2)",WPT,Geocache,2015-04-14T00:00:00,0,4/14/2015 12:00:00 AM,-79.234967,43.1207000000001
7,GC42APF,"Under Mr. Rockface by tenpine, Traditional Cache (3/3.5)",WPT,Geocache,2012-12-01T00:00:00,0,12/1/2012 12:00:00 AM,-79.268183,43.110783
8,GC6PYV1,"FIN DE SIECLE by ratgirl, Multi-cache (1/1.5)",WPT,Geocache,2016-08-09T00:00:00,0,8/9/2016 12:00:00 AM,-79.247667,43.1172330000001
9,016PYV1,FIN DE SIECLE,WPT,Physical Stage,2016-08-09T07:14:01.233,0,8/9/2016 7:14:01 AM,-79.247667,43.1172330000001
10,FN6PYV1,Final Location,WPT,Final Location,2016-08-09T07:14:01.233,0,8/9/2016 7:14:01 AM,-79.246517,43.1193000000001
11,P06PYV1,Pay & Display Parking,WPT,Parking Area,2016-08-09T07:14:01.233,0,8/9/2016 7:14:01 AM,-79.2468949999999,43.1172510000001
12,GC55QJK,"Crossley Nugget by crossleyshsm, Traditional Cache (2/3)",WPT,Geocache,2014-05-22T00:00:00,0,5/22/2014 12:00:00 AM,-79.2569829999999,43.1139670000001
13,GC3NVYK,"Ghosts of 1812 - Decou (Decew) House  by CacheCrusaders4, Traditional Cache (2/1.5)",WPT,Geocache Found,2012-06-25T00:00:00,0,6/25/2012 12:00:00 AM,-79.2504,43.108667
14,DH3NVYK,Decew House Parking Area,WPT,Parking Area,2012-06-20T13:03:43.26,0,6/20/2012 1:03:43 PM,-79.2496829999999,43.1074830000001
15,GC5R08B,"Hole in a tree by vicdell, Traditional Cache (2/2)",WPT,Geocache,2015-04-07T00:00:00,0,4/7/2015 12:00:00 AM,-79.23875,43.118933
16,P15R08B,Parking,WPT,Parking Area,2015-04-07T13:04:27.52,0,4/7/2015 1:04:27 PM,-79.239833,43.119
17,GC572PJ,"Oh the Places You Will Go by MBike, Traditional Cache (4/3)",WPT,Geocache,2014-06-13T00:00:00,0,6/13/2014 12:00:00 AM,-79.264033,43.120217
18,GC705JK,"Side 1 by wildniagara, Traditional Cache (1.5/1.5)",WPT,Geocache,2017-02-05T00:00:00,0,2/5/2017 12:00:00 AM,-79.254117,43.1560830000001
19,P0705JK,Parking,WPT,Parking Area,2017-02-05T12:26:42.377,0,2/5/2017 12:26:42 PM,-79.250028,43.1539470000001
20,GC705P1,"Taylor and Bate Brewery by wildniagara, Traditional Cache (3.5/2)",WPT,Geocache,2017-02-05T00:00:00,0,2/5/2017 12:00:00 AM,-79.249217,43.154033
21,GC807JM,"All of a Sudden  by sxrxnrr, Traditional Cache (2/2)",WPT,Geocache,2018-11-11T00:00:00,0,11/11/2018 12:00:00 AM,-79.252833,43.1299500000001
22,GC879FH,"Monkraine by wonderboy&queenie, Traditional Cache (2.5/1.5)",WPT,Geocache,2019-05-02T00:00:00,0,5/2/2019 12:00:00 AM,-79.268444,43.1566520000001
23,GC75473,Resting near Louth United Church by DyverDown,WPT,Geocache,2017-05-04T00:00:00,0,5/4/2017 12:00:00 AM,-79.2917169999999,43.16515
24,GCK0E5,"Travel Bug Coffee Shop II by DyverDown, Traditional Cache (2/2)",WPT,Geocache Found,2004-07-16T00:00:00,0,7/16/2004 12:00:00 AM,-79.26375,43.1639670000001
25,GC7FFBV,Bamboo is Good for you by vicdell,WPT,Geocache,2017-11-29T00:00:00,0,11/29/2017 12:00:00 AM,-79.2734166669999,43.171366667
26,GC7E2FA,Presidents Court by vicdell,WPT,Geocache,2017-10-25T00:00:00,0,10/25/2017 12:00:00 AM,-79.2835499999999,43.1689166670001
27,GC5R4VQ,Pipedreams by chips63,WPT,Geocache,2015-04-09T00:00:00,0,4/9/2015 12:00:00 AM,-79.243467,43.1484
28,PK5R4VQ,GC5R4VQ Parking,WPT,Parking Area,2015-04-09T20:37:17.727,0,4/9/2015 8:37:17 PM,-79.2497333329999,43.1339833330001
